                  epoch,         train/box_loss,         train/cls_loss,         train/dfl_loss,   metrics/precision(B),      metrics/recall(B),       metrics/mAP50(B),    metrics/mAP50-95(B),           val/box_loss,           val/cls_loss,           val/dfl_loss,                 lr/pg0,                 lr/pg1,                 lr/pg2
                      1,                 2.8967,                 7.6099,                 3.3567,                0.30792,                0.31824,                0.22732,                0.10804,                 3.7119,                  13.48,                 3.8347,             0.00066194,             0.00066194,             0.00066194
                      2,                  3.166,                 5.3381,                 3.5666,                0.16909,                0.22527,                0.12409,                0.03886,                 4.0547,                 8.9272,                 4.2777,              0.0013155,              0.0013155,              0.0013155
                      3,                 3.2923,                 4.2089,                 3.6418,                0.41866,                0.28497,                0.26548,                0.10767,                  3.998,                 7.9701,                  4.149,              0.0019558,              0.0019558,              0.0019558
